Track ID,Track Name,Artist,Album,Duration (ms),Popularity,Genre
5GorCbAP4aL0EJ16frG2hd,Boulevard of Broken Dreams,Green Day,Greatest Hits: God's Favorite Band,262333,71,"punk, pop punk"
3z8h0TU7ReDPLIbEnYhWZb,Bohemian Rhapsody,Queen,Bohemian Rhapsody (The Original Soundtrack),354947,72,"classic rock, rock, glam rock"
2JzZzZUQj3Qff7wapcbKjc,See You Again (feat. Charlie Puth),"Wiz Khalifa, Charlie Puth",See You Again (feat. Charlie Puth),229525,80,rap
3USxtqRwSYz57Ewm6wWRMp,Heat Waves,Glass Animals,Dreamland,238805,84,Pop
3Ofmpyhv5UAQ70mENzB277,Astronaut In The Ocean,Masked Wolf,Astronaut In The Ocean,132780,70,Hip-Hop / Rap
1Xi84slp6FryDSCbzq4UCD,Arcade,Duncan Laurence,Arcade,183624,74,Pop
6qYkmqFsXbj8CQjAdbYz07,Blinding Lights,The Weeknd,Blinding Lights,200045,60,Pop
0e7ipj03S05BNilyu5bRzt,rockstar (feat. 21 Savage),"Post Malone, 21 Savage",beerbongs & bentleys,218146,81,Hip-Hop / Rap
1EYeZGTMCjV7uVey5fNWXM,love nwantiti (feat. ElGrande Toto) - North African Remix,"CKay, ElGrandeToto",love nwantiti (feat. ElGrande Toto) [North African Remix],135480,59,"afrobeats, afrobeat, afropop"
0WtM2NBVQNNJLh6scP13H8,Calm Down (with Selena Gomez),"Rema, Selena Gomez",Calm Down (with Selena Gomez),239317,79,"afrobeats, afrobeat, afropop, afropiano"
0VzBKgimNRMauaqzT2rEnS,Go Down Deh (feat. Sean Paul & Shaggy),"Spice, Sean Paul, Shaggy",Go Down Deh (feat. Sean Paul & Shaggy),154151,64,"dancehall, soca, shatta, ragga"
48QmG1dfvMuYLxMPt7KSRA,No Lie,"Sean Paul, Dua Lipa",Mad Love The Prequel,221176,81,dancehall
1r9xUipOqoNwggBpENDsvJ,Enemy (with JID) - from the series Arcane League of Legends,"Imagine Dragons, JID, Arcane, League of Legends",Enemy (with JID) [from the series Arcane League of Legends],173381,75,
0z3XcxcrqvWe36Dtgiqrh0,Revenge,"Captainsparklez, Tryhardninja",Revenge,220208,56,Trap / Hip-Hop + Electronic Fusion
1jLsirPDkUS2g4gnkYua58,Ignite,"Alan Walker, Julie Bergan, K-391, SEUNGRI",Ignite,210288,68,EDM / Electronic
3RiPr603aXAoi4GHyXx0uy,Hymn for the Weekend,Coldplay,A Head Full of Dreams,258266,83,Pop
1SOClUWhOi8vHZYMz3GluK,Infinity,Jaymes Young,Feel Something,237720,76,Pop
58w68w4s8h9gw3xrDaXyuj,At My Worst (feat. Kehlani),"Pink Sweat$, Kehlani",At My Worst (feat. Kehlani),169127,57,R&B/Pop
3rmo8F54jFF8OgYsqTxm5d,Bad Habits,Ed Sheeran,=,230746,79,soft pop
6osKPJp6kQwZcgUqBteJFN,Safari,Serena,Safari,187408,59,Trap / Hip-Hop + Electronic Fusion
5cF0dROlMOK5uNZtivgu50,Attention,Charlie Puth,Voicenotes,208786,81,"soft pop, pop"
06KyNuuMOX1ROXRhj787tj,We Don't Talk Anymore (feat. Selena Gomez),"Charlie Puth, Selena Gomez",Nine Track Mind,217706,77,"soft pop, pop"
5HCyWlXZPP0y6Gqq8TgA20,STAY (with Justin Bieber),"The Kid LAROI, Justin Bieber",STAY (with Justin Bieber),141805,78,Pop
27NovPIUIRrOZoCHxABJwK,INDUSTRY BABY (feat. Jack Harlow),"Lil Nas X, Jack Harlow",INDUSTRY BABY (feat. Jack Harlow),212000,73,Hip-Hop / Rap
67BtfxlNbhBmCDR2L2l8qd,MONTERO (Call Me By Your Name),Lil Nas X,MONTERO (Call Me By Your Name),137875,69,Hip-Hop / Rap
0qOnSQQF0yzuPWsXrQ9paz,Stereo Hearts (feat. Adam Levine),"Gym Class Heroes, Adam Levine",The Papercut Chronicles II,210960,80,Pop Rock
3e7sxremeOE3wTySiOhGiP,Dusk Till Dawn (feat. Sia) - Radio Edit,"ZAYN, Sia",Icarus Falls,239000,81,Pop Rock
09CtPGIpYB4BrO8qb1RGsF,Sorry,Justin Bieber,Purpose (Deluxe),200786,83,Pop Rock
2tpWsVSb9UEmDRxAl1zhX1,Counting Stars,OneRepublic,Native,257265,85,soft pop
3C0nOe05EIt1390bVABLyN,On The Floor,"Jennifer Lopez, Pitbull",Love?,284866,80,R&B / Soul
285HeuLxsngjFn4GGegGNm,"Hey Mama (feat. Nicki Minaj, Bebe Rexha & Afrojack)","David Guetta, AFROJACK, Bebe Rexha, Nicki Minaj",Listen,192560,73,"edm, dance"
3h4T9Bg8OVSUYa6danHeH5,Animals,Maroon 5,V (Asia Tour Edition),231013,71,pop
1mXuMM6zjPgjL4asbBsgnt,Firework,Katy Perry,Teenage Dream,227893,68,pop
1i1fxkWeaMmKEB4T7zqbzK,Don't Let Me Down,"The Chainsmokers, Daya",Don't Let Me Down,208373,80,EDM / Electronic
58HvfVOeJY7lUuCqF0m3ly,MIDDLE OF THE NIGHT,Elley Duhé,MIDDLE OF THE NIGHT,184447,74,EDM / Electronic
28VbwtsYnj85UEODGpQRem,"Alone, Pt. II","Alan Walker, Ava Max",World Of Walker,179052,70,EDM / Electronic
5knuzwU65gJK7IF5yJsuaW,Rockabye (feat. Sean Paul & Anne-Marie),"Clean Bandit, Anne-Marie, Sean Paul",Rockabye (feat. Sean Paul & Anne-Marie),251088,70,EDM / Electronic
08bNPGLD8AhKpnnERrAc6G,FRIENDS,"Marshmello, Anne-Marie",FRIENDS,202620,74,edm
2Fxmhks0bxGSBdJ92vM42m,bad guy,Billie Eilish,"WHEN WE ALL FALL ASLEEP, WHERE DO WE GO?",194087,80,Pop Rock
0u2P5u6lvoDfwTYjAADbn4,lovely (with Khalid),"Billie Eilish, Khalid",lovely (with Khalid),200185,86,Pop Rock
6KigD0mlF4VGDYiSEzAyYw,Fight Back,NEFFEX,Fight Back: The Collection,200571,70,EDM / Electronic
2yAVzRiEQooPEJ9SYx11L3,Blue (Da Ba Dee) - Gabry Ponte Ice Pop Radio,"Eiffel 65, Gabry Ponte",Europop,283747,11,"eurodance, europop, italo dance"
2eAvDnpXP5W0cVtiI0PUxV,Dandelions,Ruth B.,Safe Haven,233720,85,Pop
64p6ua7zpf66s62StC2QLv,Bad Boy (feat. Luana Kiara),"Raaban, Tungevaag, Luana Kiara",Bad Boy (feat. Luana Kiara),190673,62,Trap / Hip-Hop + Electronic Fusion
4cktbXiXOapiLBMprHFErI,Memories,Maroon 5,JORDI (Deluxe),189486,82,pop
4w8niZpiMy6qz1mntFA5uM,"Taki Taki (with Selena Gomez, Ozuna & Cardi B)","DJ Snake, Selena Gomez, Ozuna, Cardi B","Taki Taki (with Selena Gomez, Ozuna & Cardi B)",212500,70,Trap / Hip-Hop + Electronic Fusion
0ct6r3EGTcMLPtrXHDvVjc,The Nights,Avicii,The Days / Nights,176658,83,edm
5vGLcdRuSbUhD8ScwsGSdA,Whoopty,CJ,Whoopty,123262,63,dembow
1FpVJ7HpZInE2GvhVE2TwT,Legends Never Die,"League of Legends, Against The Current",Legends Never Die,235000,74,Alternative Rock / Indie Rock
54ipXppHLA8U4yqpOFTUhr,Bones,Imagine Dragons,Mercury - Acts 1 & 2,165264,79,Alternative Rock / Indie Rock
5ZKG94fnjiuMH5yrC5S9lS,One Dance,"Drake, Wizkid, Kyla",Views,173973,59,"rap, hip hop"
5qaEfEh1AtSdrdrByCP7qR,Demons,Imagine Dragons,Night Visions,177506,82,Alternative Rock / Indie Rock
3Wrjm47oTz2sjIgck11l5e,Beggin',Måneskin,Chosen,211560,82,
0b11D9D0hMOYCIMN3OKreM,Into Your Arms (feat. Ava Max),"Witt Lowry, Ava Max",Into Your Arms (feat. Ava Max),186022,70,
0F7FA14euOIX8KcbEturGH,Old Town Road,Lil Nas X,7,113000,71,Hip-Hop / Rap
2RSHsoi04658QL5xgQVov3,Bad Liar,Imagine Dragons,Origins (Deluxe),260773,79,Alternative Rock / Indie Rock
18A7ha5BitZjmdHTCwXFbU,Cradles,Sub Urban,Cradles,209829,2,EDM / Electronic
6qyS9qBy0mEk3qYaH8mPss,Murder In My Mind,Kordhell,Murder In My Mind,145000,75,"phonk, drift phonk"
2kx5sQgmjYug0GiDh1a4sU,"Living Life, In The Night","Cheriimoya, Sierra Kidd","Living Life, In The Night",122517,69,Lo-Fi / Chill
1e6aAbWR0MXCNcr4yQovNr,Grateful,NEFFEX,Grateful,182400,66,Lo-Fi / Chill
6SRWhUJcD2YKahCwHavz3X,Darkside,"Alan Walker, Au/Ra, Tomine Harket",Different World,211680,71,EDM / Electronic
2J2Z1SkXYghSajLibnQHOa,Unstoppable,Sia,This Is Acting,217746,79,Pop
5uEYRdEIh9Bo4fpjDd4Na9,Goosebumps - Remix,"Travis Scott, HVME",Goosebumps (Remix),162802,73,rap
2uZWffKoemZDI0gHcBEcDc,On & On,"Cartoon, Jéja, Daniel Levi",On & On,207068,73,EDM / Electronic
6inzGTxyGsXVjpVKtFGrcE,Rise Up,TheFatRat,Rise Up,169756,65,EDM / Electronic
4y1nvncvBhdoelqPMyXxis,Fearless Pt. II,"Lost Sky, Chris Linton",Fearless Pt. II,194181,68,EDM / Electronic
2dHHgzDwk4BJdRwy9uXhTO,Creepin' (with The Weeknd & 21 Savage),"Metro Boomin, The Weeknd, 21 Savage",HEROES & VILLAINS,221520,81,Hip-Hop / Rap
2qxmye6gAegTMjLKEBoR3d,Let Me Down Slowly,Alec Benjamin,Narrated For You,169353,82,Pop
2rRJrJEo19S2J82BDsQ3F7,Falling,Trevor Daniel,Nicotine,159381,1,Pop
233ZYmIrIy5Znu8T6vq2rc,No Money (Remix),Vapi,No Money (Remix),171246,38,R&B / Soul
4jPy3l0RUwlUI9T5XHBW2m,Mood (feat. iann dior),"24kGoldn, iann dior",El Dorado,140533,77,Hip-Hop / Rap
5fOjFkFA0k5MTOo1LmnVTO,Heroes Tonight,"Janji, Johnning",Heroes Tonight,208139,67,EDM / Electronic
2iUXsYOEPhVqEBwsqP70rE,Youngblood,5 Seconds of Summer,Youngblood (Deluxe),203417,80,Alternative Rock / Indie Rock
0yLdNVWF3Srea0uzk55zFn,Flowers,Miley Cyrus,Flowers,200454,26,Pop
4LRPiXqCikLlN15c3yImP7,As It Was,Harry Styles,As It Was,167303,20,Pop
0V3wPSX9ygBnCm8psDIegu,Anti-Hero,Taylor Swift,Midnights,200690,81,Pop
0VgkVdmE4gld66l8iyGjgx,Mask Off,Future,FUTURE,204600,82,rap
2Ch7LmS7r2Gy2kc64wv3Bz,Die For You,The Weeknd,Starboy,260252,78,R&B / Soul
35mvY5S1H3J2QZyna3TFe0,positions,Ariana Grande,Positions,172324,78,pop
4iJyoBOLtHqaGxP12qzhQI,Peaches (feat. Daniel Caesar & Giveon),"Justin Bieber, Daniel Caesar, GIVĒON",Justice,198081,78,Pop
5Zlb01Jcn0Ld49zazzZJSB,WORTH NOTHING - Fast & Furious: Drift Tape/Phonk Vol 1,"TWISTED, Oliver Tree",WORTH NOTHING (Fast & Furious: Drift Tape/Phonk Vol 1),164629,4,"phonk, drift phonk"
0eu4C55hL6x29mmeAjytzC,Life Goes On,Oliver Tree,"Ugly is Beautiful: Shorter, Thicker & Uglier (Deluxe)",161803,71,Pop
1zB4vmk8tFRmM9UULNzbLB,Thunder,Imagine Dragons,Evolve,187146,83,Alternative Rock / Indie Rock
6nQZG4G0vIrQWaCGbqHCQn,Down,"Arc North, Badjack, Cour",Down,143500,2,slap house
1QQ1Dx8dcLgWvUaY5fk84y,Invisible,"Zeus X Crona, Julius Dreisig",Invisible,201015,61,Pop
6ibayfvVOby1NSKJFohtZp,Light It Up,"Robin Hustin, TobiMorrow, Jex",Light It Up,185390,23,EDM / Electronic
4xkm03zMAQXHc0QHl0V2Rm,Takeaway (feat. Lennon Stella) - Pilton Remix,"The Chainsmokers, ILLENIUM, Lennon Stella, pilton",Takeaway (feat. Lennon Stella) [Remixes],213253,43,EDM / Electronic
0hTrQoqDmFnA4S1PC265e1,Fly Away,"TheFatRat, Anjulie",Fly Away,194267,65,EDM / Electronic
0EB9I85mW2YnjfZmvT8CAc,Why Do I?,"Bri Tolani, Unknown Brain",Why Do I?,223803,53,EDM / Electronic
0lks2Kt9veMOFEAPN0fsqN,Lily,"Alan Walker, K-391, Emelie Hollow",Different World,195840,70,EDM / Electronic
7uCBGNn991AM68fR4tSDco,Born For This,The Score,Carry On,237375,66,Alternative Rock / Indie Rock
2LAtELE0xGyMKcvNlxiyF3,1 Day 2 Nights,HRVY,1 Day 2 Nights,138200,0,Trap / Hip-Hop + Electronic Fusion
698ItKASDavgwZ3WjaWjtz,Faded,Alan Walker,Different World,212106,78,EDM / Electronic
1vnnXMrBeEWiRg3YCMCjQq,Despacito - Remix,"Luis Fonsi, Daddy Yankee, Justin Bieber",VIDA,230413,69,latin
0YammaEkYSeo9vQYZ1OwS6,Say My Name,"David Guetta, Bebe Rexha, J Balvin",7,198946,65,"edm, dance"
1Qrg8KqiBpW07V7PNxwwwL,Kill Bill,SZA,SOS,153946,85,r&b
4h9wh7iOZ0GGn8QVp4RAOB,I Ain't Worried,OneRepublic,"I Ain’t Worried (Music From The Motion Picture ""Top Gun: Maverick"")",148485,81,soft pop
6BePGk3eCan4FqaW2X8Qy3,10:35,"Tiësto, Tate McRae",10:35,172252,73,"edm, trance, big room, house, dance"
1Y3LN4zO1Edc2EluIoSPJN,Until I Found You (with Em Beihold) - Em Beihold Version,"Stephen Sanchez, Em Beihold",Until I Found You (Em Beihold Version),176440,78,
3m71VLuekxke2MO8yHkOYg,Where We Started,"Jex, Lost Sky",Where We Started,222005,60,EDM / Electronic
2kmWfYjBR2dgAbB4ZBF9bT,Cold,NEFFEX,Destiny: The Collection,186240,58,
2LKOHdMsL0K9KwcPRlJK2v,After Dark,Mr.Kitty,Time,259146,76,"witch house, darkwave"
1cKHdTo9u0ZymJdPGSh6nq,I Was Never There,"The Weeknd, Gesaffelstein","My Dear Melancholy,",241066,82,R&B / Soul
6VBhH7CyP56BXjp8VsDFPZ,"Kesariya (From ""Brahmastra"")","Pritam, Arijit Singh, Amitabh Bhattacharya","Kesariya (From ""Brahmastra"")",268164,70,"bollywood, hindi pop, desi, sufi"
5O932cZmzOZGOGZz9RHx20,Khairiyat,"Pritam, Arijit Singh",Chhichhore,280281,70,"bollywood, hindi pop, desi, sufi"
2Fv2injs4qAm8mJBGaxVKU,"Tujhe Kitna Chahne Lage (From ""Kabir Singh"")","Arijit Singh, Mithoon","Tujhe Kitna Chahne Lage (From ""Kabir Singh"")",284779,77,"hindi pop, bollywood, desi, bangla pop"
1OEmd2iXU8pWG7CrKNpGUg,Humdard,Arijit Singh,Ek Villain,260590,65,"hindi pop, bollywood, desi, bangla pop"
1YMLgvsQdE27r30q0fsLeV,Tera Fitoor,Arijit Singh,Genius (Original Motion Picture Soundtrack),310000,73,"hindi pop, bollywood, desi, bangla pop"
4ZTx87kAgEwlPMzoojFZWg,Tera Yaar Hoon Main,"Rochak Kohli, Arijit Singh",Sonu Ke Titu Ki Sweety,264805,65,"bollywood, hindi pop, desi"
3HiobOOpSpMsi95WBKPBYk,Hamari Adhuri Kahani (Title Track),"Jeet Gannguli, Arijit Singh, Rashmi Virag",Hamari Adhuri Kahani (Original Motion Picture Soundtrack),398799,73,"bangla pop, hindi pop, bollywood"
7eNSk0grNnO7MqjLZzs6MM,Fitoor,"Mithoon, Arijit Singh, Neeti Mohan, Karan Malhotra",Shamshera,308459,53,"bollywood, hindi pop, desi"
018eOid2aGaPdxon7T6GsC,"Shayad (From ""Love Aaj Kal"")","Pritam, Arijit Singh","Shayad (From ""Love Aaj Kal"")",247941,62,"bollywood, hindi pop, desi, sufi"
3BpaZLc6j9cBUsvnh5kinR,Safar,"Pritam, Arijit Singh",Jab Harry Met Sejal (Original Motion Picture Soundtrack),365669,52,"bollywood, hindi pop, desi, sufi"
3f0wz6zcA7XkQiGm0qNF5r,"Thodi Jagah (From ""Marjaavaan"")","Arijit Singh, Tanishk Bagchi","Thodi Jagah (From ""Marjaavaan"")",218048,70,"hindi pop, bollywood, desi, bangla pop"
79jYT83v4bMOWEgwjQxSx2,"Ae Dil Hai Mushkil Title Track (From ""Ae Dil Hai Mushkil"")","Pritam, Arijit Singh","Ae Dil Hai Mushkil Title Track (From ""Ae Dil Hai Mushkil"")",269032,65,"bollywood, hindi pop, desi, sufi"
6mTvwBzWTGDOVeCNQEqtOE,Soch Na Sake,"Amaal Mallik, Arijit Singh, Tulsi Kumar",Airlift,281322,74,"bollywood, hindi pop, desi"
3hkC9EHFZNQPXrtl8WPHnX,Agar Tum Saath Ho,"Alka Yagnik, Arijit Singh",Tamasha,341054,71,"bollywood, hindi pop, desi"
6aPMWbbdhDhiJHlknZb9Yx,"Bekhayali (Arijit Singh Version) [From ""Kabir Singh""]","Arijit Singh, Sachet-Parampara","Bekhayali (Arijit Singh Version) [From ""Kabir Singh""]",370444,50,"hindi pop, bollywood, desi, bangla pop"
3GrCQPpKqKzOcKfMAoqn82,"Bolna (From ""Kapoor & Sons (Since 1921)"")","Tanishk Bagchi, Arijit Singh, Asees Kaur","Bolna (From ""Kapoor & Sons (Since 1921)"")",212832,65,"bollywood, hindi pop, desi, desi pop"
6V0cw3ZOtm5oQJrSv4QluQ,"Gerua (From ""Dilwale"")","Pritam, Arijit Singh, Antara Mitra","Gerua (From ""Dilwale"")",345558,52,"bollywood, hindi pop, desi, sufi"
79hQvdTHNBkq2fp2ZrM8b2,Pal,"Javed-Mohsin, Arijit Singh, Shreya Ghoshal, Kunaal Vermaa, Prashant Ingole",Jalebi (Original Motion Picture Soundtrack),247286,65,"bollywood, hindi pop, desi pop"
4LO5DjN6Tp3UkUvgESuy2t,Samjhawan,"Jawad Ahmad, Shaarib Toshi, Arijit Singh, Shreya Ghoshal",Humpty Sharma Ki Dulhania (Original Motion Picture Soundtrack),269184,65,"bollywood, hindi pop, desi"
6bdpj89aYEBjhpsenXAsmO,Enna Sona,"A.R. Rahman, Arijit Singh",OK Jaanu (Original Motion Picture Soundtrack),213632,67,"tamil pop, kollywood, bollywood, sufi, hindi pop, desi, tamil dance"
5Gy67YHzPZTk9Q0D73LAGH,"Khamoshiyan (From ""Khamoshiyan"")","Jeet Gannguli, Arijit Singh, Rashmi Virag","Khamoshiyan (From ""Khamoshiyan"")",335709,60,"bangla pop, hindi pop, bollywood"
4km0RUkMMFdx8iDuq36o2w,Janam Janam,"Pritam, Arijit Singh, Antara Mitra",Dilwale (Original Motion Picture Soundtrack),237896,66,"bollywood, hindi pop, desi, sufi"
0FeJltV3BtqpyQZ0hv49oi,Bulleya - Reprise,"Pritam, Arijit Singh, Shilpa Rao",Ae Dil Hai Mushkil (Original Motion Picture Soundtrack) [Deluxe Edition],348965,58,"bollywood, hindi pop, desi, sufi"
5MnAi6ZF7cE8pAz7wYr9Ta,Dil Diyan Gallan,"Vishal-Shekhar, Atif Aslam, Irshad Kamil",Tiger Zinda Hai,260536,65,"bollywood, desi, hindi pop"
2GXXZFUxYg2LvG8SR0byOE,Jeena Jeena,"Sachin-Jigar, Atif Aslam",Badlapur (Original Motion Picture Soundtrack),228969,75,"gujarati pop, bollywood, hindi pop, desi, gujarati garba"
3t3wsY5IdLVzB9WidegJSU,Jeene Laga Hoon,"Atif Aslam, Shreya Ghoshal, Sachin-Jigar",Ramaiya Vastavaiya (Original Motion Picture Soundtrack),236933,73,"bollywood, hindi pop, desi, sufi, qawwali"
1iZLpuGMr4tn1F5bZu32Kb,Bijlee Bijlee,Harrdy Sandhu,Bijlee Bijlee,168450,67,"punjabi pop, bhangra, desi pop, desi, hindi pop, bollywood"
1yYM7dY6wSJFp5qmxPRLu1,Main Rang Sharbaton Ka,"Atif Aslam, Chinmayi Sripaada, Pritam",Phata Poster Nikhla Hero (Original Motion Picture Soundtrack),263152,64,"bollywood, hindi pop, desi, sufi, qawwali"
0lYBSQXN6rCTvUZvg9S0lU,Let Me Love You,"DJ Snake, Justin Bieber",Encore,205946,84,R&B / Soul
3QGsuHI8jO1Rx4JWLUh9jd,Treat You Better,Shawn Mendes,Illuminate,187973,83,pop
46u5B2WN4wryYLZuMAOmI4,Hurts So Good,Astrid S,Leave It Beautiful (Complete),208728,69,norwegian pop
5O2P9iiztwhomNh8xkR9lJ,Night Changes,One Direction,FOUR (Deluxe),226600,87,Classic Rock / Soft Rock
7BKLCZ1jbUBVqRi2FVlTVw,Closer,"The Chainsmokers, Halsey",Closer,244960,86,Pop Rock
2K87XMYnUMqLcX3zvtAF4G,Drag Me Down,One Direction,Made In The A.M. (Deluxe Edition),192120,77,Classic Rock / Soft Rock
4Wui4miiL1JR3QqWcbcKwD,Love Me Like You Do,Ellie Goulding,恋したくなるラブソング,253520,23,Pop
0pqnGHJpmpxLKifKRmU6WP,Believer,Imagine Dragons,Evolve,204346,85,Alternative Rock / Indie Rock
0dLbrlAVPPjpPqnYfmJsWk,Tera Hone Laga Hoon,"Atif Aslam, Alisha Chinai, Pritam",Ajab Prem Ki Ghazab Kahani (Original Motion Picture Soundtrack),299827,67,"bollywood, hindi pop, desi, sufi, qawwali"
2xJCMIJfcNYDc5iR0sAm2O,New Rules,Dua Lipa,Dua Lipa (Complete Edition),209320,59,pop
58wyJLv6yH1La9NIZPl3ne,Can We Kiss Forever?,"Kina, Adriana Proenza",Can We Kiss Forever?,187931,70,Lo-Fi / Chill
4n7jnSxVLd8QioibtTDBDq,On My Way,"Alan Walker, Sabrina Carpenter, Farruko",On My Way,193797,72,Pop Rock
7HExkRyYBly0RMz47kzgS5,Hasi Ban Gaye,"Ami Mishra, Kunaal Vermaa, KASYAP, VIBIE",Hasi Ban Gaye,165499,57,"bollywood, hindi pop"
3ySVdXje5nm31d7vL3jNV3,Galliyan,"Ankit Tiwari, Manoj Muntashir",Ek Villain,340399,62,"bollywood, hindi pop, desi"
7aqfrAY2p9BUSiupwk3svU,First Person Shooter (feat. J. Cole),"Drake, J. Cole",For All The Dogs,247444,74,"rap, hip hop"
1vYXt7VSjH9JIM5oRRo7vA,Dance The Night - From Barbie The Album,Dua Lipa,Dance The Night (From Barbie The Album),176579,81,pop
5p7ujcrUXASCNwRaWNHR1C,Without Me,Halsey,Without Me,201660,49,Pop Rock
6RUKPb4LETWmmr3iAEQktW,Something Just Like This,"The Chainsmokers, Coldplay",Memories...Do Not Open,247160,87,Pop Rock
56zZ48jdyY2oDXHVnwg5Di,Tum Hi Ho,"Mithoon, Arijit Singh",Aashiqui 2,261974,76,"bollywood, hindi pop, desi"
5PvwPy5eRO8BPwpRzCHK3D,Sunn Raha Hai (Male Version),Ankit Tiwari,Aashiqui 2,390222,72,"bollywood, hindi pop, desi"
7BqHUALzNBTanL6OvsqmC1,Happier,"Marshmello, Bastille",Happier,214289,82,edm
45OX2jjEw1l7lOFJfDP9fv,MONEY,LISA,LALISA,168227,68,k-pop
7a53HqqArd4b9NF4XAmlbI,Kings & Queens,Ava Max,Heaven & Hell,162398,78,Pop Rock
0TK2YIli7K1leLovkQiNik,Señorita,"Shawn Mendes, Camila Cabello",Señorita,190960,76,pop
7ef4DlsgrMEH11cDZd32M6,One Kiss (with Dua Lipa),"Calvin Harris, Dua Lipa",One Kiss (with Dua Lipa),214846,78,edm
6UelLqGlWMcVH1E5c4H7lY,Watermelon Sugar,Harry Styles,Fine Line,174000,82,Pop
3KkXRkHbMCARz0aVfEt68P,Sunflower - Spider-Man: Into the Spider-Verse,"Post Malone, Swae Lee",Spider-Man: Into the Spider-Verse (Soundtrack From & Inspired by the Motion Picture),158040,80,Alternative Rock / Indie Rock
6ocbgoVGwYJhOv1GgI9NsF,7 rings,Ariana Grande,"thank u, next",178626,82,pop
1KMkcUvF7m3SDChDOa7i5L,WITHOUT YOU,The Kid LAROI,F*CK LOVE 3+: OVER YOU,161384,72,
2kQuhkFX7uSVepCD3h29g5,Smack That,"Akon, Eminem",Konvicted,212360,83,Classic Rock / Soft Rock
0nbXyq5TXYPCO7pr3N8S4I,The Box,Roddy Ricch,Please Excuse Me for Being Antisocial,196652,81,melodic rap
60a0Rd6pjrkxjPbaKzXjfq,In the End,Linkin Park,Hybrid Theory (Bonus Edition),216880,86,"nu metal, rap metal, rock, alternative metal"
7JJmb5XwzOO8jgpou264Ml,There's Nothing Holdin' Me Back,Shawn Mendes,Illuminate (Deluxe),199440,84,pop
7dt6x5M1jzdTEt8oCbisTK,Better Now,Post Malone,beerbongs & bentleys,231266,78,Alternative Rock / Indie Rock
24Yi9hE78yPEbZ4kxyoXAI,Roses - Imanbek Remix,"SAINt JHN, Imanbek",Roses (Imanbek Remix),176840,75,EDM / Electronic
1rfofaqEpACxVEHIZBJe6W,Havana (feat. Young Thug),"Camila Cabello, Young Thug",Camila,217306,80,pop
7MXVkk9YMctZqd1Srtv4MB,Starboy,"The Weeknd, Daft Punk",Starboy,230453,88,Hip-Hop / Rap
2XU0oxnq2qxCpomAAuJY8K,Dance Monkey,Tones And I,Dance Monkey (Stripped Back) / Dance Monkey,209438,73,Pop Rock
41Fflg7qHiVOD6dEPvsCzO,Worth It (feat. Kid Ink),"Fifth Harmony, Kid Ink",Reflection (Deluxe),224573,74,pop
0tgVpDi06FyKpA1z0VMD4v,Perfect,Ed Sheeran,÷ (Deluxe),263400,87,soft pop
022gtO2qA9EwjWrXu7OiVt,Royalty,"Egzod, Maestro Chives, Neoni",Royalty,223520,1,EDM / Electronic
4NZrZgrRoR4GwR7flWOXRI,Go Fuck Yourself,Two Feet,First Steps,129599,71,Trap / Hip-Hop + Electronic Fusion
1Lim1Py7xBgbAkAys3AGAG,Lean On,"Major Lazer, DJ Snake, MØ",Peace Is The Mission (Extended),176561,4,moombahton
0y1QJc3SJVPKJ1OvFmFqe6,Way down We Go,KALEO,A/B,213706,80,Alternative Rock / Indie Rock
3oELxRDbAzyvOodhd5FQzB,Past Lives,"sapientdream, Slushii",Past Lives,153103,73,Lo-Fi / Chill
5PUXKVVVQ74C3gl5vKy9Li,Heeriye (feat. Arijit Singh),"Jasleen Royal, Arijit Singh, Dulquer Salmaan",Heeriye (feat. Arijit Singh),194857,75,"hindi pop, bollywood, gujarati pop, desi, hindi indie"
4nc6XiUze2Yh7wFueGOPv7,"Chaleya (From ""Jawan"")","Anirudh Ravichander, Arijit Singh, Shilpa Rao, Kumaar","Chaleya (From ""Jawan"")",200373,69,"kollywood, tamil pop, tamil dance, tollywood, tamil hip hop, telugu pop"
4tF4f9GwL52a4VruWF5Brp,Superhero,"Unknown Brain, Chris Linton",Superhero,179224,60,Trap / Hip-Hop + Electronic Fusion
11uvudmvZBzG2ztQsOB5sF,Mortals,Warriyo,Mortals,228340,68,EDM / Electronic
3GVkPk8mqxz0itaAriG1L7,Everybody Dies In Their Nightmares,XXXTENTACION,17,95466,79,emo rap
7m4CgL81VVIHaaiSxyH922,Desi Kalakaar,Yo Yo Honey Singh,Desi Kalakaar,253352,73,"bollywood, hindi hip hop, desi, hindi pop, punjabi pop, bhangra, punjabi hip hop, desi pop"
4fyR24BKznXBLNkK8LwWla,Dheere Dheere,Yo Yo Honey Singh,Dheere Dheere,212412,69,"bollywood, hindi hip hop, desi, hindi pop, punjabi pop, bhangra, punjabi hip hop, desi pop"
3pVXZ04pu8zYaiAHCrh6PV,Dope Shope,"Yo Yo Honey Singh, Deep Money",International Villager,193608,67,"bollywood, hindi hip hop, desi, hindi pop, punjabi pop, bhangra, punjabi hip hop, desi pop"
6zojSFiUNySBy3Kd1JVCXb,Dil Chori,"Yo Yo Honey Singh, Simar Kaur, Ishers",Sonu Ke Titu Ki Sweety,226696,61,"bollywood, hindi hip hop, desi, hindi pop, punjabi pop, bhangra, punjabi hip hop, desi pop"
1QZRCi2Z1DQQaR6bGAzhtN,Love Dose,Yo Yo Honey Singh,Desi Kalakaar,224444,72,"bollywood, hindi hip hop, desi, hindi pop, punjabi pop, bhangra, punjabi hip hop, desi pop"
6fW78cd0p3ZDUzoqvx2Xqe,Muskurane - Romantic,"Jeet Gannguli, Arijit Singh, Rashmi Virag",Citylights (Original Motion Picture Soundtrack),334331,65,"bangla pop, hindi pop, bollywood"
1CM4rFDU9q4EoLy2K44qE6,"Naah Goriye (From ""Bala"")","B Praak, Harrdy Sandhu, Swasti Mehul, Jaani","Naah Goriye (From ""Bala"")",184617,61,"hindi pop, desi pop, bollywood, punjabi pop"
6FjbAnaPRPwiP3sciEYctO,Raabta,"Pritam, Arijit Singh",Agent Vinod,243578,72,"bollywood, hindi pop, desi, sufi"
0mJTAdmY8olbGQjopDYff3,Vaaste,"Dhvani Bhanushali, Nikhil D'Souza, Tanishk Bagchi",Vaaste,196043,63,"hindi pop, bollywood, desi pop, desi"
7jDKrOCSA26DfGy3ZAVVoI,Main Hoon Hero Tera (Armaan Malik Version),Armaan Malik,Hero,284201,47,"hindi pop, bollywood, kannada pop, tollywood, telugu pop"
7cD4l0Y9KnEGiNUw6OoGYA,Pumped Up Kicks - Sped Up,"fast demon, Mr Demon","This is fast demon, Vol. 1 (Sped Up)",119562,38,nightcore
7L3544OMMNCnRZyBJ4gjq8,"Giorno's Theme (From ""JoJo's Bizarre Adventure"")",VGR,"Giorno's Theme (From ""JoJo's Bizarre Adventure"")",175312,38,
4qDHt2ClApBBzDAvhNGWFd,Crab Rave,Noisestorm,Crab Rave,161280,62,"dubstep, drumstep"
6Nb0qYaWl4EAxHbGcKlLjR,Megalovania,"RichaadEB, ThunderScott",Megalovania,193000,0,Anime / OST / Instrumental
11KHnqxnmOx8W5PyplVGrO,Techno Syndrome 2021 (Mortal Kombat),Benjamin Wallfisch,Mortal Kombat (Original Motion Picture Soundtrack),186760,43,soundtrack
0gFWBzm1hqmq5fmAGcYd8r,Krusty Krab - Trap Remix,Trap Remix Guys,Krusty Krab (Trap Remix),71262,39,Anime / OST / Instrumental
72CkpVdvmc8t28o8I9N32J,Tere Sang Yaara,"Atif Aslam, Manoj Muntashir",Rustom (Original Motion Picture Soundtrack),286380,73,"bollywood, hindi pop, desi, sufi, qawwali"
6HGoVbCUr63SgU3TjxEVj6,Satisfya,Imran Khan,Satisfya,180056,63,"bhangra, desi, punjabi pop, punjabi hip hop, desi hip hop, bollywood, desi pop"
7wMq5n8mYSKlQIGECKUgTX,Hall of Fame (feat. will.i.am),"The Script, will.i.am",#3 Deluxe Version,202533,79,Classic Rock / Soft Rock
7lvDsmTRXFE3dK4OjvRiWB,Pasoori,"Shae Gill, Ali Sethi",Pasoori,224146,68,"desi, hindi pop, desi pop, indian indie"
1418IuVKQPTYqt7QNJ9RXN,Maan Meri Jaan,King,Champagne Talk,194653,72,"desi hip hop, hindi hip hop, desi pop, hindi pop, hindi indie, desi"
73y649QhnXdcm6fRdvfraO,Abhi Mujh Mein Kahin,"Ajay-Atul, Sonu Nigam",Agneepath (Original Motion Picture Soundtrack),364786,63,"marathi pop, devotional, bollywood, bhajan, hindi pop, desi"
0EcQcdcbQeVJn9fknj44Be,I Like Me Better,Lauv,I met you when I was 18. (the playlist),197436,34,Pop
4kaLkst9lT3sQ5Crgxs3ic,Pani Da Rang - Male Vocals,"Ayushmann Khurrana, Rochak Kohli",Vicky Donor (Original Motion Picture Soundtrack),240786,70,"bollywood, hindi pop"
2ESscisnKdryn50fPeHd7O,"Suno- Na Sangemarmar (From ""Youngistaan)",Arijit Singh,Love Dose Arijit Singh,201675,62,"hindi pop, bollywood, desi, bangla pop"
6zSpb8dQRaw0M1dK8PBwQz,Cold Heart - PNAU Remix,"Elton John, Dua Lipa, PNAU",Cold Heart (PNAU Remix),202735,80,Pop
6riCsiX9csuomBYnenrtGd,Saadi Galli Aaja,"Rochak Kohli, Ayushmann Khurrana, Neeti Mohan",Nautanki Saala !,253416,62,"bollywood, hindi pop, desi"
3MVPReTwLNOBFb6KjiIRNM,Kabhi Jo Baadal Barse,Arijit Singh,Jackpot,254300,60,"hindi pop, bollywood, desi, bangla pop"
6sF70gMVf9jg8QEogyVqBl,"Pal Pal Dil Ke Paas - From ""Blackmail""",Kishore Kumar,Audiobiography - Kishore Kumar,328160,61,"bangla pop, ghazal, hindi pop, bollywood"
7yDHHVKLbvDmVw1XXhDDIO,Pehle Bhi Main,"Vishal Mishra, Raj Shekhar",ANIMAL,250158,76,"hindi pop, bollywood"
0Ymjv0OJeIIPXr6s9wi3iW,MATHEMATICAL DISRESPECT,Lil Mabu,MATHEMATICAL DISRESPECT,88304,59,"new york drill, drill"
6AI3ezQ4o3HUoP6Dhudph3,Not Like Us,Kendrick Lamar,Not Like Us,274192,96,"hip hop, west coast hip hop"
561jH07mF1jHuk7KlaeF0s,Mockingbird,Eminem,Encore (Deluxe Version),250760,85,"rap, hip hop"
0CVfovmUv7BnemOyTtOcbL,Sanam Re,"Mithoon, Arijit Singh",Sanam Re,308714,64,"bollywood, hindi pop, desi"
2qBBAuIg8FUBYiJ3QRrVsP,Teri Baaton Mein Aisa Uljha Jiya Title Song,"Raghav, Tanishk Bagchi, Asees Kaur, Nina Mathur",Teri Baaton Mein Aisa Uljha Jiya,153083,66,"bollywood, desi, desi pop, hindi indie, hindi pop"
5uUEytfFSWfTzu5EqZxQju,Sab Tera,"Armaan Malik, Shraddha Kapoor",Baaghi,228116,55,"hindi pop, bollywood, kannada pop, tollywood, telugu pop"
7CY0CmCpSglfUKCBOOiRfw,Illegal Weapon 2.0,"Jasmine Sandlas, Garry Sandhu, Tanishk Bagchi, Intense, Priya Saraiya",Street Dancer 3D,188606,61,"bhangra, punjabi pop, desi, bollywood, desi pop, hindi pop"
4ZLzoOkj0MPWrTLvooIuaa,Get You The Moon (feat. Snøw),"Kina, Snøw",Get You The Moon (feat. Snøw),179080,72,Lo-Fi / Chill
55XrFge2dEZwYzNl128DwN,Losing Interest,"itssvd, CORBAL, Shiloh Dynasty, Dibyo",Missing,120546,66,Pop
5IgjP7X4th6nMNDh4akUHb,Under The Influence,Chris Brown,Indigo (Extended),184613,83,r&b
7fzHQizxTqy8wTXwlrgPQQ,MILLION DOLLAR BABY,Tommy Richman,MILLION DOLLAR BABY,155151,22,Trap / Hip-Hop + Electronic Fusion
7z7kvUQGwlC6iOl7vMuAr9,Dancing In The Flames,The Weeknd,Dancing In The Flames,220036,80,Lo-Fi / Chill
6A25J9As7towpxovYryAWr,Such a Whore (Stellular Remix),JVLA,Such a Whore (Stellular Remix),147638,63,Trap / Hip-Hop + Electronic Fusion
0BV0AYGLVlu2SdjN3J9twp,Fed Up,Ghostemane,ANTI-ICON,151625,65,"dark trap, horrorcore, emo rap, cloud rap, punk rap, rap metal"
4JQSMg83F8qYwSBt5xOXsQ,Diamonds,Rihanna,Unapologetic (Deluxe),225146,56,Classic Rock / Soft Rock
2VqAEP1yY5T523K7bZtL8a,Right Now (Na Na Na),Akon,Freedom,240746,2,Classic Rock / Soft Rock
2YSzYUF3jWqb9YP9VXmpjE,IDGAF (feat. Yeat),"Drake, Yeat",For All The Dogs,260111,76,"rap, hip hop"
0TL0LFcwIBF5eX7arDIKxY,Husn,Anuv Jain,Husn,217894,76,"indian indie, hindi indie, hindi pop"
7MJQ9Nfxzh8LPZ9e9u68Fq,Lose Yourself,Eminem,SHADYXV,320626,70,"rap, hip hop"
6xlOnm5MITIKtixzJW8R0j,DARKSIDE,Neoni,Wars In A Wonderland,168000,72,EDM / Electronic
6r2jK1A6oFRPREZfxjc5d1,Panda,Desiigner,Panda,226520,51,Hip-Hop / Rap
5bQ6oDLqvw8tywmnSmwEyL,Apna Bana Le,"Sachin-Jigar, Arijit Singh, Amitabh Bhattacharya",Bhediya (Original Motion Picture Soundtrack),261702,73,"gujarati pop, bollywood, hindi pop, desi, gujarati garba"
6VObnIkLVruX4UVyxWhlqm,Skyfall,Adele,Skyfall,286480,84,soft pop
3BJe4B8zGnqEdQPMvfVjuS,Summertime Sadness,Lana Del Rey,Born To Die - The Paradise Edition,265427,82,Classic Rock / Soft Rock
5rAUZy2eDdegBxUVYxePK2,In The End - Mellen Gi Remix,"Tommee Profitt, Fleurie, Mellen Gi",In The End,218188,67,Anime / OST / Instrumental
6JP8RinqsLkPiBi7B0VLGJ,Apa Fer Milaange,"Savi Kahlon, The Masterz",Apa Fer Milaange,254142,67,Anime / OST / Instrumental
75p6BrziB5urmwPCeXl3y7,Main Dhoondne Ko Zamaane Mein,Arijit Singh,Heartless,262986,66,"hindi pop, bollywood, desi, bangla pop"
1v1oIWf2Xgh54kIWuKsDf6,Runaway,AURORA,All My Demons Greeting Me As A Friend (Deluxe),248826,76,"norwegian pop, art pop"
1TAgfFRsTQibIrFd5juSkU,Big Dawgs x Knife Talk - Remix,Nenadid,Big Dawgs x Knife Talk (Remix),167125,30,Hip-Hop / Rap
1o6x7iRcDQPEEg8YPgLeVA,Day in the Life,Central Cee,Wild West,188689,67,"uk drill, drill, grime"
3LtpKP5abr2qqjunvjlX5i,Doja,Central Cee,Doja,97392,76,"uk drill, drill, grime"
2swRdG3vAk5bYBR3oSf1cg,BM (London View),OTP,BM (London View),164623,1,"uk drill, drill"
7iabz12vAuVQYyekFIWJxD,BAND4BAND (feat. Lil Baby),"Central Cee, Lil Baby",BAND4BAND (feat. Lil Baby),140733,77,"uk drill, drill, grime"
6WHBy2AqMsrVZsfy7Td8zF,London Scammer,Tankz,London Scammer,193258,51,"uk drill, drill"
3jSI2QXeLrfIdjBWOE9Gn9,Je M'appelle,Benzz,Rap Gym Drip,139574,43,"uk drill, drill"
3AWDeHLc88XogCaCnZQLVI,Cry For Me,The Weeknd,Hurry Up Tomorrow,224136,89,R&B / Soul
1qDrWA6lyx8cLECdZE7TV7,Somebody That I Used To Know,"Gotye, Kimbra",Making Mirrors,244884,79,Classic Rock / Soft Rock
